Unnamed: 0,subj,prop,obj,subj_id,prop_id,obj_id,s_aliases,o_aliases,s_uri,o_uri,s_wiki_title,o_wiki_title,s_pop,o_pop,question,possible_answers,paraphrases,pop,em_scores,start_scores,f1_scores,uncertainty_metric,prob
13769,Canton of Bern,capital,Bern,112853,422,2339883,"[""Berne"",""BE"",""Bern"",""canton of Berne""]","[""Berne"",""city of Bern"",""Berna""]",http://www.wikidata.org/entity/Q11911,http://www.wikidata.org/entity/Q70,Canton of Bern,Bern,9185,38819,What is the capital of Canton of Bern?,"[""Bern"", ""Berne"", ""city of Bern"", ""Berna""]","['What is the capital of Canton of Bern?', 'What is the primary city in Canton of Bern?', 'Which urban center holds a central role in Canton of Bern?', 'Which city houses the main government of Canton of Bern?', 'What city is the main administrative center of Canton of Bern?', 'What urban area holds the capital status of Canton of Bern?', 'Which city is the political focal point of Canton of Bern?', 'Which city is the primary seat of authority for Canton of Bern?', 'What is the principal city of Canton of Bern?', 'What is the chief city of Canton of Bern?']",48004,"[0, 0, 0, 0, 0, 0, 0, 0, 0, 0]",,"[0.2857142857142857, 0.2857142857142857, 0.33333333333333337, 0.2222222222222222, 0.2857142857142857, 0.2857142857142857, 0.4, 0.33333333333333337, 0.2857142857142857, 0.2857142857142857]","[0.6830460297107981, 0.4995556993945446, 0.45911022647511585, 0.024484911396569834, 0.4891155626062414, 0.6049441105126055, 0.5881160075582532, 0.6792413818228091, 0.510903517870944, 0.6348143821463158]","[0.06807151, 0.035949763, 8.885802e-06, 0.012976707, 0.043117225, 0.00079876906, 0.00024342687, 3.7566087e-06, 0.00991579, 0.00086281245]"
14074,Buckinghamshire,capital,Aylesbury,793793,422,745509,"[""Bucks""]","[""Aylesbury, Buckinghamshire""]",http://www.wikidata.org/entity/Q23229,http://www.wikidata.org/entity/Q213474,Buckinghamshire,Aylesbury,32243,13530,What is the capital of Buckinghamshire?,"[""Aylesbury"", ""Aylesbury, Buckinghamshire""]","['What is the capital of Buckinghamshire?', 'What is the primary city in Buckinghamshire?', 'Which urban center holds a central role in Buckinghamshire?', 'Which city houses the main government of Buckinghamshire?', 'What city is the main administrative center of Buckinghamshire?', 'What urban area holds the capital status of Buckinghamshire?', 'Which city is the political focal point of Buckinghamshire?', 'Which city is the primary seat of authority for Buckinghamshire?', 'What is the principal city of Buckinghamshire?', 'What is the chief city of Buckinghamshire?']",45773,"[0, 0, 0, 0, 0, 0, 0, 0, 0, 0]",,"[0, 0, 0, 0, 0, 0, 0, 0, 0, 0.5]","[0.2084669912163834, 0.482327506108793, 0.2944234289424017, 0.4739343202280128, 0.375654517177732, 0.31552510629920966, 0.1540096358427334, 0.5336230903285603, 0.6523517185730663, 0.3651067144954864]","[0.01736228, 0.0020381515, 0.38676047, 0.069020644, 0.07662794, 0.06521041, 0.01647167, 0.0104923295, 0.057059407, 3.481617e-05]"
13730,Somerset,capital,Taunton,792180,422,2844630,"[""Somerset, England"",""SOM""]",[],http://www.wikidata.org/entity/Q23157,http://www.wikidata.org/entity/Q845619,Somerset,Taunton,35195,9981,What is the capital of Somerset?,"[""Taunton""]","['What is the capital of Somerset?', 'What is the primary city in Somerset?', 'Which urban center holds a central role in Somerset?', 'Which city houses the main government of Somerset?', 'What city is the main administrative center of Somerset?', 'What urban area holds the capital status of Somerset?', 'Which city is the political focal point of Somerset?', 'Which city is the primary seat of authority for Somerset?', 'What is the principal city of Somerset?', 'What is the chief city of Somerset?']",45176,"[0, 0, 0, 0, 0, 0, 0, 0, 0, 0]",,"[0, 0, 0, 0, 0, 0, 0, 0, 0, 0]","[0.47700121294953224, 0.5898868897664031, 0.7368800649246562, 0.9766325257538352, 0.2968505802424801, 0.591718908988026, 0.4222714695132747, 0.30350764802580354, 0.6672062939750132, 0.5679185362000343]","[4.941199e-05, 0.016086359, 0.0038362402, 9.792245e-07, 0.07125142, 0.10065151, 0.033849806, 0.0010607367, 0.00015554274, 0.0012218859]"
13980,Lincolnshire,capital,Lincoln,790597,422,581817,"[""Lincs"",""County of Lincoln"",""Lincoln""]",[],http://www.wikidata.org/entity/Q23090,http://www.wikidata.org/entity/Q180057,Lincolnshire,"Lincoln, England",26731,17733,What is the capital of Lincolnshire?,"[""Lincoln""]","['What is the capital of Lincolnshire?', 'What is the primary city in Lincolnshire?', 'Which urban center holds a central role in Lincolnshire?', 'Which city houses the main government of Lincolnshire?', 'What city is the main administrative center of Lincolnshire?', 'What urban area holds the capital status of Lincolnshire?', 'Which city is the political focal point of Lincolnshire?', 'Which city is the primary seat of authority for Lincolnshire?', 'What is the principal city of Lincolnshire?', 'What is the chief city of Lincolnshire?']",44464,"[0, 0, 0, 0, 0, 0, 0, 0, 0, 0]",,"[0.2857142857142857, 0.25, 0.4, 0.25, 0.33333333333333337, 0.2222222222222222, 0.2222222222222222, 0.2857142857142857, 0.2857142857142857, 0.33333333333333337]","[0.5571296509098078, 0.523516617882617, 0.6354276917392472, 0.47467398082827106, 0.5241646238246702, 0.4017570721429314, 0.045238406024676506, 0.6156042827132366, 0.704212481082046, 0.6716850660257017]","[0.00011598498, 0.0032621387, 4.155886e-05, 2.2809389e-05, 0.00010009407, 0.013146231, 0.029589621, 0.0018817408, 0.0062280265, 5.0301737e-06]"
14243,South Georgia and the South Sandwich Islands,capital,King Edward Point,1147951,422,1249788,"[""South Georgia"",""South Sandwich Islands"",""gs"",""SGSSI"",""\ud83c\uddec\ud83c\uddf8"",""South Georgia and South Sandwich Islands""]","[""KEP""]",http://www.wikidata.org/entity/Q35086,http://www.wikidata.org/entity/Q393878,South Georgia and the South Sandwich Islands,King Edward Point,39632,4650,What is the capital of South Georgia and the South Sandwich Islands?,"[""King Edward Point"", ""KEP""]","['What is the capital of South Georgia and the South Sandwich Islands?', 'What is the primary city in South Georgia and the South Sandwich Islands?', 'Which urban center holds a central role in South Georgia and the South Sandwich Islands?', 'Which city houses the main government of South Georgia and the South Sandwich Islands?', 'What city is the main administrative center of South Georgia and the South Sandwich Islands?', 'What urban area holds the capital status of South Georgia and the South Sandwich Islands?', 'Which city is the political focal point of South Georgia and the South Sandwich Islands?', 'Which city is the primary seat of authority for South Georgia and the South Sandwich Islands?', 'What is the principal city of South Georgia and the South Sandwich Islands?', 'What is the chief city of South Georgia and the South Sandwich Islands?']",44282,"[0, 0, 0, 0, 0, 0, 0, 0, 0, 0]",,"[0.5454545454545454, 0, 0.6, 0, 0, 0, 0.6, 0.6, 0.6, 0]","[0.33047702815692426, 0.4454742912321028, 0.5246871867022679, 0.34991531094481026, 0.36176732152911645, 0.48628153692126225, 0.2153341166270278, 0.6184764910043139, 0.5050551361324775, 0.4693820698664264]","[0.00076748006, 0.028266618, 0.008559997, 0.028935274, 0.0023647647, 0.0026676888, 0.012940239, 0.008216998, 0.01007646, 0.0132546965]"
14044,Niue,capital,Alofi,1114748,422,1020297,"[""Niu\u0113"",""nu"",""\ud83c\uddf3\ud83c\uddfa""]","[""Alofi, Niue""]",http://www.wikidata.org/entity/Q34020,http://www.wikidata.org/entity/Q30966,Niue,Alofi,41278,2445,What is the capital of Niue?,"[""Alofi"", ""Alofi, Niue""]","['What is the capital of Niue?', 'What is the primary city in Niue?', 'Which urban center holds a central role in Niue?', 'Which city houses the main government of Niue?', 'What city is the main administrative center of Niue?', 'What urban area holds the capital status of Niue?', 'Which city is the political focal point of Niue?', 'Which city is the primary seat of authority for Niue?', 'What is the principal city of Niue?', 'What is the chief city of Niue?']",43723,"[0, 0, 0, 0, 0, 0, 0, 0, 0, 0]",,"[0, 0, 0, 0, 0.28571428571428575, 0, 0, 0, 0, 0]","[0.9984117667661664, 0.7562425662849609, 0.796088887163672, 0.6096905319337328, 0.35761634457998004, 0.6830182859037393, 0.7514361294853329, 0.5724729161236067, 0.9444778112173393, 0.5445261012928425]","[0.00012991708, 0.00014507846, 2.783743e-05, 0.016721888, 0.005031954, 0.00012856218, 0.0049626087, 0.009781713, 0.014806968, 0.0077851927]"
13732,Basel-Stadt,capital,Basel,127325,422,2689653,"[""Basle-Stadt"",""BS"",""Basel-City"",""Basle-City"",""Bale-Ville"",""Canton of Basle-City"",""Kanton Basel-Stadt"",""Canton of Basel-Stadt""]","[""Basle"",""Basel BS"",""B\u00e2le""]",http://www.wikidata.org/entity/Q12172,http://www.wikidata.org/entity/Q78,Basel-Stadt,Basel,3241,39854,What is the capital of Basel-Stadt?,"[""Basel"", ""Basle"", ""Basel BS"", ""Bâle""]","['What is the capital of Basel-Stadt?', 'What is the primary city in Basel-Stadt?', 'Which urban center holds a central role in Basel-Stadt?', 'Which city houses the main government of Basel-Stadt?', 'What city is the main administrative center of Basel-Stadt?', 'What urban area holds the capital status of Basel-Stadt?', 'Which city is the political focal point of Basel-Stadt?', 'Which city is the primary seat of authority for Basel-Stadt?', 'What is the principal city of Basel-Stadt?', 'What is the chief city of Basel-Stadt?']",43095,"[0, 0, 0, 0, 0, 0, 0, 0, 0, 0]",,"[0.25, 0.33333333333333337, 0.33333333333333337, 0.2857142857142857, 0.2857142857142857, 0.25, 0.2857142857142857, 0.2857142857142857, 0.2857142857142857, 0.2222222222222222]","[0.6531626310104824, 0.26283876718884835, 0.6757792251175319, 0.4660568959665555, 0.6850764156249658, 0.5300362281351774, 0.6530579124825643, 0.5107598137999948, 0.7525329377402799, 0.3473591437876809]","[0.028347317, 0.0035151138, 0.0017256587, 0.00019470975, 0.02479636, 0.0034234845, 2.6204257e-06, 0.008987661, 0.013642769, 0.007413584]"
13905,Mayotte,capital,Mamoudzou,516853,422,173735,"[""Department of Mayotte"",""yt"",""\ud83c\uddfe\ud83c\uddf9""]",[],http://www.wikidata.org/entity/Q17063,http://www.wikidata.org/entity/Q132676,Mayotte,Mamoudzou,38642,2359,What is the capital of Mayotte?,"[""Mamoudzou""]","['What is the capital of Mayotte?', 'What is the primary city in Mayotte?', 'Which urban center holds a central role in Mayotte?', 'Which city houses the main government of Mayotte?', 'What city is the main administrative center of Mayotte?', 'What urban area holds the capital status of Mayotte?', 'Which city is the political focal point of Mayotte?', 'Which city is the primary seat of authority for Mayotte?', 'What is the principal city of Mayotte?', 'What is the chief city of Mayotte?']",41001,"[0, 0, 0, 0, 0, 0, 0, 0, 0, 0]",,"[0.4, 0, 0.4, 0.33333333333333337, 0.33333333333333337, 0.33333333333333337, 0.4, 0.33333333333333337, 0.4, 0.5]","[0.4425552516894953, 0.5026774348828742, 0.39252668279582104, 0.3443872217595717, 0.30101995490911315, 0.33377261765089733, 0.4720956773364293, 0.03742114522014713, 0.315177760234929, 0.42894226636257204]","[0.018747564, 0.12625624, 0.03393737, 0.28763568, 0.374662, 0.3091644, 0.0122271525, 0.01288276, 0.04625162, 0.0013516463]"
13900,Netherlands Antilles,capital,Willemstad,853719,422,173745,"[""AN"",""Dutch Antillean"",""Netherland Antilles"",""The Netherlands Antilles"",""Dutch Antilles\/West Indies"",""Antillen"",""Netherland Antillies"",""N.W.I."",""Netherlands-Antilles"",""Nederlandse Antillen"",""Dutch Antilles"",""Netherlands Antilleans"",""ISO 3166-1:AN"",""Netherlands Antillean""]","[""Williamtown"",""Willemtown""]",http://www.wikidata.org/entity/Q25227,http://www.wikidata.org/entity/Q132679,Netherlands Antilles,Willemstad,24207,16672,What is the capital of Netherlands Antilles?,"[""Willemstad"", ""Williamtown"", ""Willemtown""]","['What is the capital of Netherlands Antilles?', 'What is the primary city in Netherlands Antilles?', 'Which urban center holds a central role in Netherlands Antilles?', 'Which city houses the main government of Netherlands Antilles?', 'What city is the main administrative center of Netherlands Antilles?', 'What urban area holds the capital status of Netherlands Antilles?', 'Which city is the political focal point of Netherlands Antilles?', 'Which city is the primary seat of authority for Netherlands Antilles?', 'What is the principal city of Netherlands Antilles?', 'What is the chief city of Netherlands Antilles?']",40879,"[0, 0, 0, 0, 0, 0, 0, 0, 0, 0]",,"[0.33333333333333337, 0.4, 0.4, 0.33333333333333337, 0.2857142857142857, 0.2857142857142857, 0.33333333333333337, 0.4, 0.4, 0.4]","[0.45984273542981385, 0.302287965539347, 0.1681145268102619, 0.47055794001844087, 0.3963290610393434, 0.44814132423214514, 0.5477228003967176, 0.47685844261995336, 0.2984770460726036, 0.5411845307700444]","[4.4085195e-05, 0.05306645, 0.0055548795, 0.00082847493, 0.037794027, 0.012460313, 0.0011215335, 4.5999488e-05, 0.023502812, 0.01200961]"
13969,Highland,capital,Inverness,731177,422,367880,"[""Highland Council Area""]",[],http://www.wikidata.org/entity/Q208279,http://www.wikidata.org/entity/Q160493,Highland (council area),Inverness,8098,32591,What is the capital of Highland?,"[""Inverness""]","['What is the capital of Highland?', 'What is the primary city in Highland?', 'Which urban center holds a central role in Highland?', 'Which city houses the main government of Highland?', 'What city is the main administrative center of Highland?', 'What urban area holds the capital status of Highland?', 'Which city is the political focal point of Highland?', 'Which city is the primary seat of authority for Highland?', 'What is the principal city of Highland?', 'What is the chief city of Highland?']",40689,"[0, 0, 0, 0, 0, 0, 0, 0, 0, 0]",,"[0.33333333333333337, 0.2857142857142857, 0.2857142857142857, 0.33333333333333337, 0.2857142857142857, 0.2857142857142857, 0.2857142857142857, 0.2857142857142857, 0.4, 0.33333333333333337]","[0.6891063387340308, 0.5808430443238565, 0.4543049934680242, 0.5510885308964205, 0.41295750855740754, 0.6210544258182777, 0.5202659817640343, 0.44193002082909255, 0.3657165773592237, 0.5201666335129217]","[0.004099976, 0.008420313, 0.003704081, 0.02280234, 0.050873496, 0.024037404, 0.013013645, 0.0452332, 0.0036961946, 0.021896364]"
13976,Minas Gerais,capital,Belo Horizonte,1243938,422,1294394,"[""Minas Gerais state"",""MG""]",[],http://www.wikidata.org/entity/Q39109,http://www.wikidata.org/entity/Q42800,Minas Gerais,Belo Horizonte,19835,19769,What is the capital of Minas Gerais?,"[""Belo Horizonte""]","['What is the capital of Minas Gerais?', 'What is the primary city in Minas Gerais?', 'Which urban center holds a central role in Minas Gerais?', 'Which city houses the main government of Minas Gerais?', 'What city is the main administrative center of Minas Gerais?', 'What urban area holds the capital status of Minas Gerais?', 'Which city is the political focal point of Minas Gerais?', 'Which city is the primary seat of authority for Minas Gerais?', 'What is the principal city of Minas Gerais?', 'What is the chief city of Minas Gerais?']",39604,"[0, 0, 0, 0, 0, 0, 0, 0, 0, 0]",,"[0.5714285714285715, 0.5714285714285715, 0.8, 0.5, 0.6666666666666666, 0.5, 0.5714285714285715, 0.5714285714285715, 0.5, 0.5714285714285715]","[0.3230125251522435, 0.4313297925711725, 0.30529490313477003, 0.3276069320245486, 0.33032537068019124, 0.3031827956071954, 0.3528597957584768, 0.3344724129421508, 0.2958507676665618, 0.2639796255678819]","[6.031562e-05, 0.047423244, 0.0015012713, 0.30685067, 0.01917996, 0.37037697, 0.03112022, 4.9502592e-05, 0.3739116, 0.03465029]"
13943,Pulaski County,capital,Little Rock,2030028,422,1097125,"[""Pulaski County, Arkansas""]","[""Little Rock, Arkansas"",""Little Rock, AR"",""Little Rock, Ark."",""the Little Rock""]",http://www.wikidata.org/entity/Q61160,http://www.wikidata.org/entity/Q33405,"Pulaski County, Arkansas","Little Rock, Arkansas",3989,35320,What is the capital of Pulaski County?,"[""Little Rock"", ""Little Rock, Arkansas"", ""Little Rock, AR"", ""Little Rock, Ark."", ""the Little Rock""]","['What is the capital of Pulaski County?', 'What is the primary city in Pulaski County?', 'Which urban center holds a central role in Pulaski County?', 'Which city houses the main government of Pulaski County?', 'What city is the main administrative center of Pulaski County?', 'What urban area holds the capital status of Pulaski County?', 'Which city is the political focal point of Pulaski County?', 'Which city is the primary seat of authority for Pulaski County?', 'What is the principal city of Pulaski County?', 'What is the chief city of Pulaski County?']",39309,"[0, 0, 0, 0, 0, 0, 0, 0, 0, 0]",,"[0, 0, 0, 0, 0, 0, 0, 0, 0, 0]","[0.1513640472427125, 0.15433025823086524, 0.4610479797852125, 0.632097001680538, 0.3431556791305679, 0.15663485400374372, 0.6239938014587746, 0.3458185063495237, 0.7084409989700029, 0.07296706526122745]","[0.49349013, 0.27616978, 0.042180303, 0.083378986, 0.34249005, 0.29746994, 0.029289564, 0.065530986, 0.0050445665, 0.014194206]"
13657,Lys,capital,Bruges,337796,422,160067,[],"[""Brugge""]",http://www.wikidata.org/entity/Q1579364,http://www.wikidata.org/entity/Q12994,Lys (department),Bruges,212,38936,What is the capital of Lys?,"[""Bruges"", ""Brugge""]","['What is the capital of Lys?', 'What is the primary city in Lys?', 'Which urban center holds a central role in Lys?', 'Which city houses the main government of Lys?', 'What city is the main administrative center of Lys?', 'What urban area holds the capital status of Lys?', 'Which city is the political focal point of Lys?', 'Which city is the primary seat of authority for Lys?', 'What is the principal city of Lys?', 'What is the chief city of Lys?']",39148,"[0, 0, 0, 0, 0, 0, 0, 0, 0, 0]",,"[0, 0, 0, 0.2857142857142857, 0, 0.4, 0, 0, 0, 0]","[0.6669188589847288, 0.8742545252244597, 0.3987979486230272, 0.6439541331129413, 0.6710822090077131, 0.40269731635787587, 0.8144334872364851, 0.5358134356324338, 0.14755325784008813, 0.5694185938194947]","[0.02358408, 0.00023522928, 0.014249155, 1.962933e-05, 0.0016362948, 0.00021249532, 0.000644173, 0.024878975, 0.0012941663, 0.0034147343]"
13653,Sabah,capital,Kota Kinabalu,577255,422,208691,[],"[""Nature Resort City"",""Jesselton""]",http://www.wikidata.org/entity/Q179029,http://www.wikidata.org/entity/Q137271,Sabah,Kota Kinabalu,27459,11668,What is the capital of Sabah?,"[""Kota Kinabalu"", ""Nature Resort City"", ""Jesselton""]","['What is the capital of Sabah?', 'What is the primary city in Sabah?', 'Which urban center holds a central role in Sabah?', 'Which city houses the main government of Sabah?', 'What city is the main administrative center of Sabah?', 'What urban area holds the capital status of Sabah?', 'Which city is the political focal point of Sabah?', 'Which city is the primary seat of authority for Sabah?', 'What is the principal city of Sabah?', 'What is the chief city of Sabah?']",39127,"[0, 0, 0, 0, 0, 0, 0, 0, 0, 0]",,"[0.6666666666666666, 0.6666666666666666, 0.8, 0.5, 0.5714285714285715, 0.5714285714285715, 0.5, 0.5714285714285715, 0.6666666666666666, 0.5]","[0.3274847957883644, 0.12192021147249556, 0.14973044957912368, 0.46166243301953247, 0.45087947343948864, 0.30008181809796897, 0.3277032735720275, 0.44459793896215366, 0.36055265217347676, 0.29216374437403964]","[0.00045680034, 0.0013898175, 0.0037737153, 0.016193364, 0.013781652, 0.051391147, 0.24004802, 0.0017855407, 0.015011183, 0.38943493]"
14235,Rio Grande do Sul,capital,Porto Alegre,1259223,422,1262924,"[""RS""]",[],http://www.wikidata.org/entity/Q40030,http://www.wikidata.org/entity/Q40269,Rio Grande do Sul,Porto Alegre,17720,18666,What is the capital of Rio Grande do Sul?,"[""Porto Alegre""]","['What is the capital of Rio Grande do Sul?', 'What is the primary city in Rio Grande do Sul?', 'Which urban center holds a central role in Rio Grande do Sul?', 'Which city houses the main government of Rio Grande do Sul?', 'What city is the main administrative center of Rio Grande do Sul?', 'What urban area holds the capital status of Rio Grande do Sul?', 'Which city is the political focal point of Rio Grande do Sul?', 'Which city is the primary seat of authority for Rio Grande do Sul?', 'What is the principal city of Rio Grande do Sul?', 'What is the chief city of Rio Grande do Sul?']",36386,"[0, 0, 0, 0, 0, 0, 0, 0, 0, 0]",,"[0.5714285714285715, 0.6666666666666666, 0.5, 0.5714285714285715, 0.5, 0.5, 0.5714285714285715, 0.5, 0.5, 0.5714285714285715]","[0.3198045414017986, 0.393222425994411, 0.3209268586929299, 0.400343236624187, 0.31819684567046874, 0.3146349323191897, 0.37776526722747006, 0.33196043228599315, 0.30132700027868914, 0.33227401959528174]","[0.0013010735, 0.02994684, 0.29693148, 0.063715205, 0.33657062, 0.34505624, 0.008431398, 0.29362783, 0.36825064, 6.0451406e-05]"
13773,Semirechye Oblast,capital,Almaty,810293,422,1160170,[],"[""\u0410\u043b\u043c\u0430\u0442\u044b"",""Almat\u0131"",""Alma-Ata"",""City of Almaty""]",http://www.wikidata.org/entity/Q2381321,http://www.wikidata.org/entity/Q35493,Semirechye Oblast,Almaty,616,35602,What is the capital of Semirechye Oblast?,"[""Almaty"", ""Алматы"", ""Almatı"", ""Alma-Ata"", ""City of Almaty""]","['What is the capital of Semirechye Oblast?', 'What is the primary city in Semirechye Oblast?', 'Which urban center holds a central role in Semirechye Oblast?', 'Which city houses the main government of Semirechye Oblast?', 'What city is the main administrative center of Semirechye Oblast?', 'What urban area holds the capital status of Semirechye Oblast?', 'Which city is the political focal point of Semirechye Oblast?', 'Which city is the primary seat of authority for Semirechye Oblast?', 'What is the principal city of Semirechye Oblast?', 'What is the chief city of Semirechye Oblast?']",36218,"[0, 0, 0, 0, 0, 0, 0, 0, 0, 0]",,"[0, 0, 0.25, 0, 0, 0, 0, 0, 0, 0]","[0.48665017486899487, 0.3401812013312814, 0.48676239702449375, 0.6386941673787038, 0.56042502823862, 0.6459925248887677, 0.48727224750816395, 0.4242725083859995, 0.6970386148987968, 0.5677890976099148]","[0.024171181, 0.0033128713, 0.00043692818, 0.00068509334, 3.0882638e-06, 3.0012297e-05, 0.00053681695, 0.00014784749, 5.2976953e-05, 0.020792285]"
14062,Nord,capital,Lille,145424,422,2165757,"[""Northern Department"",""North"",""D\u00e9partement du Nord"",""59""]","[""Rijsel"",""Lile"",""Rysel""]",http://www.wikidata.org/entity/Q12661,http://www.wikidata.org/entity/Q648,Nord (French department),Lille,5603,30367,What is the capital of Nord?,"[""Lille"", ""Rijsel"", ""Lile"", ""Rysel""]","['What is the capital of Nord?', 'What is the primary city in Nord?', 'Which urban center holds a central role in Nord?', 'Which city houses the main government of Nord?', 'What city is the main administrative center of Nord?', 'What urban area holds the capital status of Nord?', 'Which city is the political focal point of Nord?', 'Which city is the primary seat of authority for Nord?', 'What is the principal city of Nord?', 'What is the chief city of Nord?']",35970,"[0, 0, 0, 0, 0, 0, 0, 0, 0, 0]",,"[0, 0, 0, 0, 0, 0, 0, 0, 0, 0]","[0.38427570537668765, 0.8164944007477803, 0.2887328636995265, 0.0725725081544541, 0.44717917413768593, 0.38794817747589366, 0.6077188778519974, 0.04447117567358978, 0.3630598819575107, 0.8293628205410044]","[0.04474608, 0.0030549334, 0.0005048022, 0.00029876584, 0.08697162, 1.778505e-06, 0.00034587327, 0.007168965, 0.08583758, 0.004510438]"
13670,Chittenden County,capital,Burlington,1612751,422,1023520,"[""Chittenden County, Vermont""]","[""Burlington, Vermont""]",http://www.wikidata.org/entity/Q509770,http://www.wikidata.org/entity/Q31058,"Chittenden County, Vermont","Burlington, Vermont",3625,32100,What is the capital of Chittenden County?,"[""Burlington"", ""Burlington, Vermont""]","['What is the capital of Chittenden County?', 'What is the primary city in Chittenden County?', 'Which urban center holds a central role in Chittenden County?', 'Which city houses the main government of Chittenden County?', 'What city is the main administrative center of Chittenden County?', 'What urban area holds the capital status of Chittenden County?', 'Which city is the political focal point of Chittenden County?', 'Which city is the primary seat of authority for Chittenden County?', 'What is the principal city of Chittenden County?', 'What is the chief city of Chittenden County?']",35725,"[0, 0, 0, 0, 0, 0, 0, 0, 0, 0]",,"[0.4, 0.4, 0.4, 0.33333333333333337, 0.2857142857142857, 0.2857142857142857, 0.33333333333333337, 0.33333333333333337, 0.4, 0.33333333333333337]","[0.2768565218454531, 0.28610923112675246, 0.2873860123513129, 0.44670029565493224, 0.32568206420867396, 0.4337992701170552, 0.36777682115577975, 0.4024815980964208, 0.4422877926777515, 0.43900618451151696]","[0.020721655, 0.059425324, 0.054783013, 0.07443917, 0.005694894, 0.046486776, 0.064106114, 0.029668773, 0.004695522, 0.18052982]"
13628,Antalya Province,capital,Antalya,1262468,422,2168016,"[""Antalya""]","[""ANT"",""AYT"",""Attalia"",""Adalia""]",http://www.wikidata.org/entity/Q40249,http://www.wikidata.org/entity/Q6487,Antalya Province,Antalya,4595,30813,What is the capital of Antalya Province?,"[""Antalya"", ""ANT"", ""AYT"", ""Attalia"", ""Adalia""]","['What is the capital of Antalya Province?', 'What is the primary city in Antalya Province?', 'Which urban center holds a central role in Antalya Province?', 'Which city houses the main government of Antalya Province?', 'What city is the main administrative center of Antalya Province?', 'What urban area holds the capital status of Antalya Province?', 'Which city is the political focal point of Antalya Province?', 'Which city is the primary seat of authority for Antalya Province?', 'What is the principal city of Antalya Province?', 'What is the chief city of Antalya Province?']",35408,"[0, 0, 0, 0, 0, 0, 0, 0, 0, 0]",,"[0, 0, 0, 0, 0, 0, 0, 0, 0, 0]","[0.32896481774183345, 0.5138586126543925, 0.5071850582197914, 0.03097679171019221, 0.25605172516126606, 0.3476045482624909, 0.3270509565732715, 0.35631322844611724, 0.7467899005867802, 0.731975080858605]","[0.2964776, 0.00039056985, 0.0037243352, 0.017674142, 0.00044556055, 0.05712559, 0.3204661, 0.2935216, 2.5163585e-05, 0.023506893]"
14129,Western Visayas,capital,Iloilo City,205498,422,1350120,"[""Region VI"",""Region 6"",""Western Visayas Region"",""West Visayas""]","[""Iloilo"",""City of Iloilo"",""Iloilo, Iloilo"",""Iloilo City, Iloilo""]",http://www.wikidata.org/entity/Q13665,http://www.wikidata.org/entity/Q459787,Western Visayas,Iloilo City,17410,17853,What is the capital of Western Visayas?,"[""Iloilo City"", ""Iloilo"", ""City of Iloilo"", ""Iloilo, Iloilo"", ""Iloilo City, Iloilo""]","['What is the capital of Western Visayas?', 'What is the primary city in Western Visayas?', 'Which urban center holds a central role in Western Visayas?', 'Which city houses the main government of Western Visayas?', 'What city is the main administrative center of Western Visayas?', 'What urban area holds the capital status of Western Visayas?', 'Which city is the political focal point of Western Visayas?', 'Which city is the primary seat of authority for Western Visayas?', 'What is the principal city of Western Visayas?', 'What is the chief city of Western Visayas?']",35263,"[0, 0, 0, 0, 0, 0, 0, 0, 0, 0]",,"[0.5714285714285715, 0.5, 0.5, 0.5, 0.5714285714285715, 0.5, 0.5, 0.5714285714285715, 0.5714285714285715, 0.5714285714285715]","[0.4987343186470983, 0.45118385644035874, 0.37208353428120866, 0.459892192941747, 0.2830316533672524, 0.5471540583735589, 0.4819005950205063, 0.27101030661874337, 0.3317828169165069, 0.49960600305886904]","[0.0070462995, 0.07991705, 0.07140027, 0.16358438, 0.067041904, 0.0005845363, 0.0003595311, 8.733457e-05, 0.012257357, 0.012845274]"
